{
	"class_name" : "PinholeCameraTrajectory",
	"extrinsic" : 
	[
		[
			0.99996935964923817,
			-0.00090519609162404606,
			-0.0077756274813282379,
			0.0,
			0.006072486575654075,
			0.71653450012287323,
			0.69752522179520704,
			0.0,
			0.0049401082458969871,
			-0.69755106677124357,
			0.71651804204557124,
			0.0,
			0.32042616391892687,
			8.7315661665786894,
			12.446736399883735,
			1.0
		]
	],
	"intrinsic" : 
	{
		"height" : 1026,
		"intrinsic_matrix" : 
		[
			888.54206428283408,
			0.0,
			0.0,
			0.0,
			888.54206428283408,
			0.0,
			807.0,
			512.5,
			1.0
		],
		"width" : 1615
	},
	"version_major" : 1,
	"version_minor" : 0
}